{"Assets":[{"Name":"light","Scale":{"x":1.0,"y":1.0,"z":1.0},"Rotation":{"x":0.0,"y":153.99998474121095,"z":0.0},"Position":{"x":2.5752525329589845,"y":0.0,"z":1.2733285427093506}},{"Name":"paint","Scale":{"x":1.0,"y":1.0,"z":1.0},"Rotation":{"x":0.0,"y":143.0940704345703,"z":0.0},"Position":{"x":0.5080001354217529,"y":0.0,"z":0.5660001039505005}},{"Name":"workbench","Scale":{"x":1.0,"y":1.0,"z":1.0},"Rotation":{"x":0.0,"y":0.0,"z":0.0},"Position":{"x":0.0,"y":0.0,"z":0.0}},{"Name":"workshop","Scale":{"x":1.0,"y":1.0,"z":1.0},"Rotation":{"x":0.0,"y":0.0,"z":0.0},"Position":{"x":0.0,"y":0.0,"z":0.0}}]}